INSERT INTO presidentes VALUES('11111111A','Rodrigo','Asensio','1980-01-01','2000'),
('22222222B','Macarena','Molero','1985-11-03','2010'),
('33333333C','Ismael','Robles','1975-08-30','2005'),
('44444444D','Aniceto','Morales','1960-10-12','2008');
INSERT INTO equipos VALUES('EQ001','Real Estepa','La Paz','1000','2000-01-01','El Ejido','11111111A'),
('EQ002','FC Carrión','Nobleza','1200','1998-06-05','Dalías','22222222B'),
('EQ003','Atlético Zamora','Respeto','990','1990-04-04','Berja','33333333C'),
('EQ004','Palomo Sport','Los Pajaritos','1300','2008-09-09','Roquetas','44444444D');
INSERT INTO jugadores VALUES('J0001','Julito','2016-09-01','Portero','EQ001'),
('J0002','Arteaga','2016-09-01','Defensa','EQ001'),
('J0003','Moreno','2016-09-01','Centrocampista','EQ001'),
('J0004','Cansino','2014-09-01','Delantero','EQ002'),
('J0005','Monete','2015-09-01','Portero','EQ002'),
('J0006','Chileno','2016-09-01','Defensa','EQ002'),
('J0007','Postigo','2013-09-01','Delantero','EQ003'),
('J0008','Manel','2013-09-01','Delantero','EQ003'),
('J0009','Sorete','2014-09-01','Defensa','EQ003'),
('J0010','Pincho','2014-09-01','Centrocampista','EQ004'),
('J0011','Cañita','2014-09-01','Portero','EQ004'),
('J0012','Pucelano','2013-09-01','Defensa','EQ004');
INSERT INTO partidos VALUES('J112','2016-10-02','EQ001','EQ002'),
('J134','2016-10-02','EQ003','EQ004'),
('J231','2016-10-09','EQ003','EQ001'),
('J242','2016-10-09','EQ004','EQ002');
INSERT INTO goles VALUES('J112','10','De penalti','J0001', false),
('J112','12','Falta directa','J0004', false),
('J112','45','Ramona','J0003', false),
('J112','60','Desde fuera del área','J0003', false),
('J112','63','Penalti','J0004', false),
('J112','70','Bajo las piernas del portero','J0003', false),
('J134','15','Hasta la cocina','J0007', false),
('J134','20','Penalti','J0008', false),
('J134','80','Cabeza en corner','J0008', false),
('J231','75','Penalti','J0007', false),
('J231','13','De tacón','J0008', false),
('J231','66','La mano de dios','J0003', false),
('J231','92','Un auténtico desastre','J0009', true),
('J242','89','Último cartucho','J0011', false),
('J242','5','Despiste','J0012', true),
('J242','15','En plancha','J0004', false),
('J242','45','Chilena','J0004', false);